{
  "kind": "collectionType",
  "collectionName": "honors",
  "info": {
    "singularName": "honor",
    "pluralName": "honors",
    "displayName": "student"
  },
  "options": {
    "draftAndPublish": true
  },
  "pluginOptions": {},
  "attributes": {
    "name": {
      "type": "string"
    },
    "studentId": {
      "type": "uid"
    },
    "email": {
      "type": "email"
    },
    "phone": {
      "type": "string"
    },
    "major": {
      "type": "string"
    },
    "grade": {
      "type": "integer"
    },
    "className": {
      "type": "string"
    },
    "createdate": {
      "type": "date"
    },
    "updatedate": {
      "type": "date"
    }
  }
}
