{
  "kind": "collectionType",
  "collectionName": "resumes",
  "info": {
    "singularName": "resume",
    "pluralName": "resumes",
    "displayName": "resume"
  },
  "options": {
    "draftAndPublish": true
  },
  "pluginOptions": {},
  "attributes": {
    "student": {
      "type": "relation",
      "relation": "oneToOne",
      "target": "api::achievement.achievement",
      "mappedBy": "resume"
    },
    "template": {
      "type": "string"
    },
    "basicInfo": {
      "type": "component",
      "component": "resume.basic-info",
      "repeatable": true
    },
    "education": {
      "type": "component",
      "component": "resume.education",
      "repeatable": true
    },
    "workExperience": {
      "type": "component",
      "component": "resume.work-experience",
      "repeatable": true
    },
    "skills": {
      "type": "blocks"
    },
    "certificates": {
      "type": "component",
      "component": "resume.certificates",
      "repeatable": true
    }
  }
}
