{
  "kind": "collectionType",
  "collectionName": "consults",
  "info": {
    "singularName": "consult",
    "pluralName": "consults",
    "displayName": "consult"
  },
  "options": {
    "draftAndPublish": true
  },
  "pluginOptions": {},
  "attributes": {
    "student": {
      "type": "relation",
      "relation": "oneToMany",
      "target": "api::assignment.assignment",
      "mappedBy": "teachers"
    },
    "consult_type": {
      "type": "enumeration",
      "enum": [
        "psychology_心理",
        "career_职业"
      ]
    },
    "date": {
      "type": "date"
    },
    "time": {
      "type": "string"
    },
    "consultstatus": {
      "type": "enumeration",
      "enum": [
        "Pending​​_待处理",
        "Processed​_已处理",
        "Terminated_取消",
        "completed_已完成"
      ]
    },
    "student_id": {
      "type": "string"
    },
    "phone": {
      "type": "string"
    },
    "feedback": {
      "type": "blocks"
    },
    "title": {
      "type": "blocks"
    },
    "is_anonymous": {
      "type": "boolean"
    }
  }
}
